{
  "run": {
    "timestamp_utc": "2026-07-07T11:56:41.580673+00:00",
    "pipeline": "rerank-bakeoff",
    "pool_depth": 25,
    "rerank_max_chars": 1200,
    "scored_items": 50,
    "n_forum": 26,
    "note": "latency is local-CPU fp32 ONNX rerank-only (retrieval excluded)"
  },
  "models": {
    "hybrid-no-rerank": {
      "latency_ms": {
        "p50": 0.0,
        "p95": 0.0
      },
      "overall": {
        "recall@1": 0.33,
        "hit@1": 0.36,
        "ndcg@1": 0.36,
        "recall@5": 0.63,
        "hit@5": 0.66,
        "ndcg@5": 0.5071891775805503,
        "recall@10": 0.74,
        "hit@10": 0.78,
        "ndcg@10": 0.5431199193696291,
        "mrr@3": 0.4633333333333334
      },
      "forum": {
        "n": 26,
        "recall@1": 0.09615384615384616,
        "hit@1": 0.15384615384615385,
        "ndcg@1": 0.15384615384615385,
        "recall@5": 0.4423076923076923,
        "hit@5": 0.5,
        "ndcg@5": 0.3083927115166827,
        "recall@10": 0.6538461538461539,
        "hit@10": 0.7307692307692307,
        "ndcg@10": 0.37749029188029576,
        "mrr@3": 0.27564102564102566
      },
      "synthetic": {
        "n": 24,
        "recall@1": 0.5833333333333334,
        "hit@1": 0.5833333333333334,
        "ndcg@1": 0.5833333333333334,
        "recall@5": 0.8333333333333334,
        "hit@5": 0.8333333333333334,
        "ndcg@5": 0.7225520158164068,
        "recall@10": 0.8333333333333334,
        "hit@10": 0.8333333333333334,
        "ndcg@10": 0.7225520158164068,
        "mrr@3": 0.6666666666666666
      }
    },
    "Xenova/ms-marco-MiniLM-L-6-v2": {
      "latency_ms": {
        "p50": 2815.5,
        "p95": 3438.1,
        "mean": 2839.2
      },
      "overall": {
        "recall@1": 0.3,
        "hit@1": 0.32,
        "ndcg@1": 0.32,
        "recall@5": 0.55,
        "hit@5": 0.58,
        "ndcg@5": 0.4453634291512734,
        "recall@10": 0.67,
        "hit@10": 0.68,
        "ndcg@10": 0.48513717060982503,
        "mrr@3": 0.41
      },
      "forum": {
        "n": 26,
        "recall@1": 0.11538461538461539,
        "hit@1": 0.15384615384615385,
        "ndcg@1": 0.15384615384615385,
        "recall@5": 0.28846153846153844,
        "hit@5": 0.34615384615384615,
        "ndcg@5": 0.2152207741884763,
        "recall@10": 0.5192307692307693,
        "hit@10": 0.5384615384615384,
        "ndcg@10": 0.29170873853184476,
        "mrr@3": 0.19871794871794873
      },
      "synthetic": {
        "n": 24,
        "recall@1": 0.5,
        "hit@1": 0.5,
        "ndcg@1": 0.5,
        "recall@5": 0.8333333333333334,
        "hit@5": 0.8333333333333334,
        "ndcg@5": 0.6946846386943036,
        "recall@10": 0.8333333333333334,
        "hit@10": 0.8333333333333334,
        "ndcg@10": 0.6946846386943036,
        "mrr@3": 0.638888888888889
      }
    },
    "Xenova/ms-marco-MiniLM-L-12-v2": {
      "latency_ms": {
        "p50": 4442.2,
        "p95": 7098.9,
        "mean": 4672.7
      },
      "overall": {
        "recall@1": 0.33,
        "hit@1": 0.34,
        "ndcg@1": 0.34,
        "recall@5": 0.6,
        "hit@5": 0.62,
        "ndcg@5": 0.48245185796912016,
        "recall@10": 0.63,
        "hit@10": 0.64,
        "ndcg@10": 0.4926633103714678,
        "mrr@3": 0.43
      },
      "forum": {
        "n": 26,
        "recall@1": 0.09615384615384616,
        "hit@1": 0.11538461538461539,
        "ndcg@1": 0.11538461538461539,
        "recall@5": 0.38461538461538464,
        "hit@5": 0.4230769230769231,
        "ndcg@5": 0.24876708194610472,
        "recall@10": 0.4423076923076923,
        "hit@10": 0.46153846153846156,
        "ndcg@10": 0.26840449041215786,
        "mrr@3": 0.1794871794871795
      },
      "synthetic": {
        "n": 24,
        "recall@1": 0.5833333333333334,
        "hit@1": 0.5833333333333334,
        "ndcg@1": 0.5833333333333334,
        "recall@5": 0.8333333333333334,
        "hit@5": 0.8333333333333334,
        "ndcg@5": 0.735610365327387,
        "recall@10": 0.8333333333333334,
        "hit@10": 0.8333333333333334,
        "ndcg@10": 0.735610365327387,
        "mrr@3": 0.7013888888888888
      }
    },
    "BAAI/bge-reranker-base": {
      "latency_ms": {
        "p50": 13246.3,
        "p95": 17021.2,
        "mean": 13247.1
      },
      "overall": {
        "recall@1": 0.33,
        "hit@1": 0.34,
        "ndcg@1": 0.34,
        "recall@5": 0.55,
        "hit@5": 0.56,
        "ndcg@5": 0.4630751685891265,
        "recall@10": 0.67,
        "hit@10": 0.7,
        "ndcg@10": 0.5040296421793126,
        "mrr@3": 0.43333333333333335
      },
      "forum": {
        "n": 26,
        "recall@1": 0.057692307692307696,
        "hit@1": 0.07692307692307693,
        "ndcg@1": 0.07692307692307693,
        "recall@5": 0.28846153846153844,
        "hit@5": 0.3076923076923077,
        "ndcg@5": 0.19730920827578824,
        "recall@10": 0.5192307692307693,
        "hit@10": 0.5769230769230769,
        "ndcg@10": 0.2760678113338383,
        "mrr@3": 0.16666666666666666
      },
      "synthetic": {
        "n": 24,
        "recall@1": 0.625,
        "hit@1": 0.625,
        "ndcg@1": 0.625,
        "recall@5": 0.8333333333333334,
        "hit@5": 0.8333333333333334,
        "ndcg@5": 0.7509882922619097,
        "recall@10": 0.8333333333333334,
        "hit@10": 0.8333333333333334,
        "ndcg@10": 0.7509882922619097,
        "mrr@3": 0.7222222222222222
      }
    },
    "jinaai/jina-reranker-v2-base-multilingual": {
      "latency_ms": {
        "p50": 13816.4,
        "p95": 36650.5,
        "mean": 17337.8
      },
      "overall": {
        "recall@1": 0.4,
        "hit@1": 0.42,
        "ndcg@1": 0.42,
        "recall@5": 0.57,
        "hit@5": 0.6,
        "ndcg@5": 0.5015689218472612,
        "recall@10": 0.7,
        "hit@10": 0.74,
        "ndcg@10": 0.5452926267728493,
        "mrr@3": 0.48666666666666664
      },
      "forum": {
        "n": 26,
        "recall@1": 0.07692307692307693,
        "hit@1": 0.11538461538461539,
        "ndcg@1": 0.11538461538461539,
        "recall@5": 0.36538461538461536,
        "hit@5": 0.4230769230769231,
        "ndcg@5": 0.2479813976458309,
        "recall@10": 0.5769230769230769,
        "hit@10": 0.6538461538461539,
        "ndcg@10": 0.3204873688233472,
        "mrr@3": 0.22435897435897434
      },
      "synthetic": {
        "n": 24,
        "recall@1": 0.75,
        "hit@1": 0.75,
        "ndcg@1": 0.75,
        "recall@5": 0.7916666666666666,
        "hit@5": 0.7916666666666666,
        "ndcg@5": 0.7762887397321441,
        "recall@10": 0.8333333333333334,
        "hit@10": 0.8333333333333334,
        "ndcg@10": 0.7888316562181433,
        "mrr@3": 0.7708333333333334
      }
    }
  }
}