{
  "run": {
    "timestamp_utc": "2026-07-07T09:34:43.422306+00:00",
    "pipeline": "hybrid-rrf-ksweep",
    "retrieval_depth": 10,
    "scored_items": 126
  },
  "config": {
    "embedding_model": "BAAI/bge-small-en-v1.5",
    "sparse_model": "Qdrant/bm25",
    "qdrant_collection": "docs_hybrid",
    "ks": [
      2,
      10,
      30,
      60,
      100,
      200
    ]
  },
  "sweep": {
    "2": {
      "overall": {
        "recall@1": 0.40740740740740744,
        "hit@1": 0.5317460317460317,
        "ndcg@1": 0.5317460317460317,
        "recall@5": 0.6970899470899471,
        "hit@5": 0.8015873015873016,
        "ndcg@5": 0.6088548929958306,
        "recall@10": 0.7777777777777778,
        "hit@10": 0.8650793650793651,
        "ndcg@10": 0.6385910865936805,
        "mrr@3": 0.626984126984127
      },
      "by_source": {
        "forum": {
          "n": 26,
          "recall@1": 0.15384615384615385,
          "hit@1": 0.23076923076923078,
          "ndcg@1": 0.23076923076923078,
          "recall@5": 0.4423076923076923,
          "hit@5": 0.5,
          "ndcg@5": 0.32113488495463915,
          "recall@10": 0.6153846153846154,
          "hit@10": 0.6923076923076923,
          "ndcg@10": 0.3811061775259025,
          "mrr@3": 0.2948717948717949
        },
        "synthetic": {
          "n": 100,
          "recall@1": 0.4733333333333334,
          "hit@1": 0.61,
          "ndcg@1": 0.61,
          "recall@5": 0.7633333333333333,
          "hit@5": 0.88,
          "ndcg@5": 0.6836620950865404,
          "recall@10": 0.82,
          "hit@10": 0.91,
          "ndcg@10": 0.7055371629513029,
          "mrr@3": 0.7133333333333333
        }
      }
    },
    "10": {
      "overall": {
        "recall@1": 0.40740740740740744,
        "hit@1": 0.5317460317460317,
        "ndcg@1": 0.5317460317460317,
        "recall@5": 0.6931216931216931,
        "hit@5": 0.8015873015873016,
        "ndcg@5": 0.6038399088251396,
        "recall@10": 0.7777777777777778,
        "hit@10": 0.8650793650793651,
        "ndcg@10": 0.6350531190829007,
        "mrr@3": 0.6177248677248677
      },
      "by_source": {
        "forum": {
          "n": 26,
          "recall@1": 0.15384615384615385,
          "hit@1": 0.23076923076923078,
          "ndcg@1": 0.23076923076923078,
          "recall@5": 0.40384615384615385,
          "hit@5": 0.46153846153846156,
          "ndcg@5": 0.29755230061750615,
          "recall@10": 0.6153846153846154,
          "hit@10": 0.6923076923076923,
          "ndcg@10": 0.3691016699450765,
          "mrr@3": 0.2692307692307692
        },
        "synthetic": {
          "n": 100,
          "recall@1": 0.4733333333333334,
          "hit@1": 0.61,
          "ndcg@1": 0.61,
          "recall@5": 0.7683333333333333,
          "hit@5": 0.89,
          "ndcg@5": 0.6834746869591244,
          "recall@10": 0.82,
          "hit@10": 0.91,
          "ndcg@10": 0.7042004958587351,
          "mrr@3": 0.7083333333333333
        }
      }
    },
    "30": {
      "overall": {
        "recall@1": 0.40343915343915343,
        "hit@1": 0.5238095238095238,
        "ndcg@1": 0.5238095238095238,
        "recall@5": 0.6931216931216931,
        "hit@5": 0.8015873015873016,
        "ndcg@5": 0.6020439216383863,
        "recall@10": 0.7777777777777778,
        "hit@10": 0.8650793650793651,
        "ndcg@10": 0.6332571318961474,
        "mrr@3": 0.6137566137566137
      },
      "by_source": {
        "forum": {
          "n": 26,
          "recall@1": 0.1346153846153846,
          "hit@1": 0.19230769230769232,
          "ndcg@1": 0.19230769230769232,
          "recall@5": 0.40384615384615385,
          "hit@5": 0.46153846153846156,
          "ndcg@5": 0.2888486704047786,
          "recall@10": 0.6153846153846154,
          "hit@10": 0.6923076923076923,
          "ndcg@10": 0.3603980397323489,
          "mrr@3": 0.25
        },
        "synthetic": {
          "n": 100,
          "recall@1": 0.4733333333333334,
          "hit@1": 0.61,
          "ndcg@1": 0.61,
          "recall@5": 0.7683333333333333,
          "hit@5": 0.89,
          "ndcg@5": 0.6834746869591244,
          "recall@10": 0.82,
          "hit@10": 0.91,
          "ndcg@10": 0.7042004958587351,
          "mrr@3": 0.7083333333333333
        }
      }
    },
    "60": {
      "overall": {
        "recall@1": 0.40343915343915343,
        "hit@1": 0.5238095238095238,
        "ndcg@1": 0.5238095238095238,
        "recall@5": 0.6931216931216931,
        "hit@5": 0.8015873015873016,
        "ndcg@5": 0.6020439216383863,
        "recall@10": 0.7777777777777778,
        "hit@10": 0.8650793650793651,
        "ndcg@10": 0.6332571318961474,
        "mrr@3": 0.6137566137566137
      },
      "by_source": {
        "forum": {
          "n": 26,
          "recall@1": 0.1346153846153846,
          "hit@1": 0.19230769230769232,
          "ndcg@1": 0.19230769230769232,
          "recall@5": 0.40384615384615385,
          "hit@5": 0.46153846153846156,
          "ndcg@5": 0.2888486704047786,
          "recall@10": 0.6153846153846154,
          "hit@10": 0.6923076923076923,
          "ndcg@10": 0.3603980397323489,
          "mrr@3": 0.25
        },
        "synthetic": {
          "n": 100,
          "recall@1": 0.4733333333333334,
          "hit@1": 0.61,
          "ndcg@1": 0.61,
          "recall@5": 0.7683333333333333,
          "hit@5": 0.89,
          "ndcg@5": 0.6834746869591244,
          "recall@10": 0.82,
          "hit@10": 0.91,
          "ndcg@10": 0.7042004958587351,
          "mrr@3": 0.7083333333333333
        }
      }
    },
    "100": {
      "overall": {
        "recall@1": 0.40343915343915343,
        "hit@1": 0.5238095238095238,
        "ndcg@1": 0.5238095238095238,
        "recall@5": 0.6931216931216931,
        "hit@5": 0.8015873015873016,
        "ndcg@5": 0.6020439216383863,
        "recall@10": 0.7777777777777778,
        "hit@10": 0.8650793650793651,
        "ndcg@10": 0.6332571318961474,
        "mrr@3": 0.6137566137566137
      },
      "by_source": {
        "forum": {
          "n": 26,
          "recall@1": 0.1346153846153846,
          "hit@1": 0.19230769230769232,
          "ndcg@1": 0.19230769230769232,
          "recall@5": 0.40384615384615385,
          "hit@5": 0.46153846153846156,
          "ndcg@5": 0.2888486704047786,
          "recall@10": 0.6153846153846154,
          "hit@10": 0.6923076923076923,
          "ndcg@10": 0.3603980397323489,
          "mrr@3": 0.25
        },
        "synthetic": {
          "n": 100,
          "recall@1": 0.4733333333333334,
          "hit@1": 0.61,
          "ndcg@1": 0.61,
          "recall@5": 0.7683333333333333,
          "hit@5": 0.89,
          "ndcg@5": 0.6834746869591244,
          "recall@10": 0.82,
          "hit@10": 0.91,
          "ndcg@10": 0.7042004958587351,
          "mrr@3": 0.7083333333333333
        }
      }
    },
    "200": {
      "overall": {
        "recall@1": 0.40343915343915343,
        "hit@1": 0.5238095238095238,
        "ndcg@1": 0.5238095238095238,
        "recall@5": 0.6931216931216931,
        "hit@5": 0.8015873015873016,
        "ndcg@5": 0.6020439216383863,
        "recall@10": 0.7777777777777778,
        "hit@10": 0.8650793650793651,
        "ndcg@10": 0.6332571318961474,
        "mrr@3": 0.6137566137566137
      },
      "by_source": {
        "forum": {
          "n": 26,
          "recall@1": 0.1346153846153846,
          "hit@1": 0.19230769230769232,
          "ndcg@1": 0.19230769230769232,
          "recall@5": 0.40384615384615385,
          "hit@5": 0.46153846153846156,
          "ndcg@5": 0.2888486704047786,
          "recall@10": 0.6153846153846154,
          "hit@10": 0.6923076923076923,
          "ndcg@10": 0.3603980397323489,
          "mrr@3": 0.25
        },
        "synthetic": {
          "n": 100,
          "recall@1": 0.4733333333333334,
          "hit@1": 0.61,
          "ndcg@1": 0.61,
          "recall@5": 0.7683333333333333,
          "hit@5": 0.89,
          "ndcg@5": 0.6834746869591244,